{"cameraMode":{"drawMode":0,"name":"Shaded","section":"Shading Mode"},"sceneLighting":true,"audioPlay":false,"sceneViewState":{"showFog":true,"showMaterialUpdate":false,"showSkybox":true,"showFlares":true,"showImageEffects":true,"showParticleSystems":true,"showVisualEffectGraphs":true,"m_FxEnabled":true},"in2DMode":false,"pivot":{"x":-0.3590584099292755,"y":2.5399999618530275,"z":-0.6529446244239807},"rotation":{"x":0.34927311539649966,"y":0.22180742025375367,"z":-0.08546213060617447,"w":0.9063844084739685},"size":10.761335372924805,"orthographic":false}